{"intent_id":{"0":17,"1":15,"2":2,"3":31,"4":5,"5":14,"6":18,"7":22,"8":28,"9":3,"10":30,"11":4,"12":8,"13":9,"14":0,"15":21,"16":25,"17":16,"18":26,"19":23,"20":11,"21":13,"22":1,"23":6,"24":24,"25":7,"26":20,"27":12,"28":10,"29":27,"30":29,"31":19},"intent_name":{"0":"Connection \/ Belonging","1":"Well-Being","2":"Relaxing","3":"Entertainment","4":"Distraction","5":"Mood Enhancement","6":"Spirituality \/ Transcendence","7":"Community","8":"Admiration \/ Connection to artist","9":"Meaningful Engagement \/ Purpose","10":"Bonding \/ Connection to others","11":"Motivation","12":"Calming","13":"Creativity","14":"(Self-) Reflection \/ Introspection","15":"Understanding","16":"Identity, Culture","17":"Energy","18":"Enjoyment","19":"Beliefs","20":"Relief","21":"Escape","22":"Nostalgia","23":"Emotion (regulation)","24":"Awareness","25":"Support","26":"Passion \/ Pleasure","27":"Stimulation","28":"Learning","29":"Fitness Motivation","30":"Education","31":"Exploration"},"Musical features":{"0":3.7307692308,"1":3.9583333333,"2":4.0,"3":4.1282051282,"4":3.619047619,"5":3.8076923077,"6":3.1739130435,"7":3.4571428571,"8":3.8,"9":3.7142857143,"10":3.3684210526,"11":4.3055555556,"12":4.03125,"13":3.7777777778,"14":3.6363636364,"15":3.3214285714,"16":3.3548387097,"17":3.9230769231,"18":4.2,"19":2.5357142857,"20":3.8928571429,"21":3.7741935484,"22":3.6060606061,"23":3.8333333333,"24":3.9032258065,"25":3.8214285714,"26":3.9736842105,"27":4.0740740741,"28":3.1875,"29":3.4411764706,"30":3.4090909091,"31":3.5769230769},"Specific playlist":{"0":3.5769230769,"1":4.0416666667,"2":3.696969697,"3":4.1282051282,"4":3.7142857143,"5":4.0384615385,"6":3.0434782609,"7":3.3428571429,"8":3.6571428571,"9":3.5714285714,"10":3.2105263158,"11":3.8055555556,"12":3.5,"13":3.6666666667,"14":3.7272727273,"15":3.25,"16":3.3225806452,"17":3.8076923077,"18":3.5,"19":2.75,"20":3.7857142857,"21":3.7096774194,"22":3.9393939394,"23":3.9333333333,"24":3.8064516129,"25":3.8214285714,"26":3.7894736842,"27":3.962962963,"28":3.40625,"29":3.4411764706,"30":3.0454545455,"31":3.2692307692},"Personal connection":{"0":4.0,"1":4.2083333333,"2":3.5151515152,"3":4.2564102564,"4":3.8095238095,"5":4.5,"6":3.1304347826,"7":3.6,"8":3.9428571429,"9":4.2571428571,"10":3.7368421053,"11":3.7222222222,"12":4.03125,"13":3.9259259259,"14":4.0909090909,"15":3.1785714286,"16":3.4838709677,"17":4.0769230769,"18":4.3,"19":2.8928571429,"20":3.6428571429,"21":4.0,"22":4.303030303,"23":4.3666666667,"24":3.7741935484,"25":3.5,"26":4.0789473684,"27":3.962962963,"28":3.3125,"29":2.7352941176,"30":3.1818181818,"31":2.9230769231},"Normally listened songs":{"0":3.3846153846,"1":3.375,"2":3.4545454545,"3":3.8205128205,"4":3.2380952381,"5":3.4615384615,"6":2.6086956522,"7":2.9428571429,"8":3.1714285714,"9":3.3142857143,"10":3.3684210526,"11":3.5833333333,"12":3.1875,"13":3.1851851852,"14":3.2424242424,"15":2.7142857143,"16":2.9677419355,"17":3.5384615385,"18":3.575,"19":2.3214285714,"20":3.0,"21":3.1935483871,"22":2.9696969697,"23":2.5333333333,"24":2.935483871,"25":2.9285714286,"26":3.5263157895,"27":3.3333333333,"28":2.875,"29":2.7647058824,"30":3.0454545455,"31":2.8846153846},"Alltime favorites":{"0":3.6538461538,"1":4.2916666667,"2":3.6060606061,"3":4.5128205128,"4":4.1428571429,"5":4.4615384615,"6":2.4782608696,"7":3.5714285714,"8":3.6285714286,"9":4.0857142857,"10":3.6842105263,"11":3.8888888889,"12":3.875,"13":4.0,"14":4.0303030303,"15":3.0,"16":3.0967741935,"17":4.0384615385,"18":4.45,"19":2.25,"20":3.6785714286,"21":4.064516129,"22":4.2121212121,"23":4.0,"24":3.6774193548,"25":3.6071428571,"26":4.2631578947,"27":4.0,"28":3.0625,"29":3.2647058824,"30":3.1818181818,"31":2.7307692308},"Current favorites":{"0":3.8076923077,"1":4.25,"2":3.4545454545,"3":4.5384615385,"4":3.9523809524,"5":4.5,"6":2.7391304348,"7":3.4,"8":3.6285714286,"9":4.0,"10":3.2631578947,"11":4.25,"12":3.625,"13":3.7037037037,"14":3.7575757576,"15":3.0357142857,"16":2.8709677419,"17":3.8076923077,"18":4.35,"19":2.2857142857,"20":3.5714285714,"21":3.7419354839,"22":3.8181818182,"23":3.8666666667,"24":3.4838709677,"25":3.6428571429,"26":4.2105263158,"27":4.2222222222,"28":3.09375,"29":3.3529411765,"30":3.0,"31":2.7692307692},"Specific songs":{"0":3.5384615385,"1":3.9166666667,"2":3.3333333333,"3":4.0,"4":3.4285714286,"5":3.8461538462,"6":3.3043478261,"7":3.2571428571,"8":3.5142857143,"9":3.6,"10":3.1578947368,"11":3.5555555556,"12":3.6875,"13":3.6296296296,"14":3.7575757576,"15":3.4285714286,"16":3.2580645161,"17":3.9615384615,"18":3.65,"19":2.8571428571,"20":3.1071428571,"21":3.3548387097,"22":4.0606060606,"23":4.0333333333,"24":3.8387096774,"25":3.5714285714,"26":3.7631578947,"27":3.9259259259,"28":3.34375,"29":3.3235294118,"30":3.3181818182,"31":3.1153846154},"mean_listen_frequency":{"0":2.0,"1":3.0416666667,"2":2.4545454545,"3":3.1025641026,"4":2.380952381,"5":3.2307692308,"6":1.4782608696,"7":1.8285714286,"8":2.2285714286,"9":2.3428571429,"10":1.8947368421,"11":2.9444444444,"12":2.6875,"13":2.4074074074,"14":2.2121212121,"15":1.4285714286,"16":1.2580645161,"17":2.4615384615,"18":3.075,"19":0.8214285714,"20":2.5,"21":2.4838709677,"22":2.6363636364,"23":2.8,"24":1.7419354839,"25":1.6785714286,"26":3.1052631579,"27":3.037037037,"28":1.34375,"29":1.4117647059,"30":1.3181818182,"31":1.5384615385}}